fpr,tpr
0.000000,0.000000
0.000000,0.000481
0.000000,0.000962
0.000000,0.001443
0.001712,0.001443
0.001712,0.001924
0.001712,0.002405
0.001712,0.002886
0.001712,0.003367
0.001712,0.003848
0.001712,0.004329
0.001712,0.004810
0.001712,0.005291
0.001712,0.005772
0.001712,0.006253
0.003425,0.006253
0.003425,0.006734
0.003425,0.007215
0.003425,0.007696
0.003425,0.008177
0.003425,0.008658
0.003425,0.009139
0.003425,0.009620
0.003425,0.010101
0.003425,0.010582
0.003425,0.011063
0.003425,0.011544
0.003425,0.012025
0.003425,0.012506
0.003425,0.012987
0.003425,0.013468
0.003425,0.013949
0.003425,0.014430
0.003425,0.014911
0.005137,0.014911
0.005137,0.015392
0.005137,0.015873
0.005137,0.016354
0.005137,0.016835
0.005137,0.017316
0.005137,0.017797
0.005137,0.018278
0.005137,0.018759
0.005137,0.019240
0.005137,0.019721
0.005137,0.020202
0.005137,0.020683
0.005137,0.021164
0.005137,0.021645
0.005137,0.022126
0.005137,0.022607
0.005137,0.023088
0.005137,0.023569
0.006849,0.023569
0.006849,0.024050
0.006849,0.024531
0.006849,0.025012
0.006849,0.025493
0.006849,0.025974
0.006849,0.026455
0.006849,0.026936
0.006849,0.027417
0.006849,0.027898
0.006849,0.028379
0.006849,0.028860
0.006849,0.029341
0.006849,0.029822
0.006849,0.030303
0.006849,0.030784
0.006849,0.031265
0.006849,0.031746
0.006849,0.032227
0.006849,0.032708
0.006849,0.033189
0.006849,0.033670
0.006849,0.034151
0.006849,0.034632
0.006849,0.035113
0.006849,0.035594
0.006849,0.036075
0.006849,0.036556
0.006849,0.037037
0.006849,0.037518
0.006849,0.037999
0.006849,0.038480
0.006849,0.038961
0.006849,0.039442
0.006849,0.039923
0.006849,0.040404
0.006849,0.040885
0.006849,0.041366
0.006849,0.041847
0.006849,0.042328
0.006849,0.042809
0.006849,0.043290
0.006849,0.043771
0.006849,0.044252
0.006849,0.044733
0.006849,0.045214
0.006849,0.045695
0.006849,0.046176
0.006849,0.046657
0.006849,0.047138
0.006849,0.047619
0.008562,0.047619
0.008562,0.048100
0.008562,0.048581
0.008562,0.049062
0.008562,0.049543
0.008562,0.050024
0.008562,0.050505
0.008562,0.050986
0.008562,0.051467
0.008562,0.051948
0.008562,0.052429
0.008562,0.052910
0.008562,0.053391
0.008562,0.053872
0.008562,0.054353
0.008562,0.054834
0.008562,0.055315
0.008562,0.055796
0.008562,0.056277
0.008562,0.056758
0.008562,0.057239
0.008562,0.057720
0.008562,0.058201
0.008562,0.058682
0.008562,0.059163
0.008562,0.059644
0.008562,0.060125
0.008562,0.060606
0.008562,0.061087
0.008562,0.061568
0.008562,0.062049
0.008562,0.062530
0.008562,0.063011
0.008562,0.063492
0.008562,0.063973
0.008562,0.064454
0.008562,0.064935
0.008562,0.065416
0.008562,0.065897
0.010274,0.065897
0.010274,0.066378
0.010274,0.066859
0.010274,0.067340
0.010274,0.067821
0.010274,0.068302
0.010274,0.068783
0.010274,0.069264
0.010274,0.069745
0.010274,0.070226
0.010274,0.070707
0.010274,0.071188
0.010274,0.071669
0.010274,0.072150
0.010274,0.072631
0.010274,0.073112
0.010274,0.073593
0.010274,0.074074
0.010274,0.074555
0.010274,0.075036
0.010274,0.075517
0.010274,0.075998
0.010274,0.076479
0.010274,0.076960
0.010274,0.077441
0.010274,0.077922
0.010274,0.078403
0.010274,0.078884
0.010274,0.079365
0.010274,0.079846
0.010274,0.080327
0.010274,0.080808
0.010274,0.081289
0.010274,0.081770
0.010274,0.082251
0.010274,0.082732
0.010274,0.083213
0.010274,0.083694
0.010274,0.084175
0.010274,0.084656
0.010274,0.085137
0.010274,0.085618
0.010274,0.086099
0.010274,0.086580
0.010274,0.087061
0.010274,0.087542
0.010274,0.088023
0.010274,0.088504
0.010274,0.088985
0.010274,0.089466
0.010274,0.089947
0.010274,0.090428
0.010274,0.090909
0.010274,0.091390
0.010274,0.091871
0.010274,0.092352
0.010274,0.092833
0.010274,0.093314
0.010274,0.093795
0.010274,0.094276
0.010274,0.094757
0.010274,0.095238
0.010274,0.095719
0.010274,0.096200
0.010274,0.096681
0.011986,0.096681
0.011986,0.097162
0.011986,0.097643
0.011986,0.098124
0.011986,0.098605
0.011986,0.099086
0.011986,0.099567
0.011986,0.100048
0.011986,0.100529
0.011986,0.101010
0.011986,0.101491
0.011986,0.101972
0.011986,0.102453
0.011986,0.102934
0.011986,0.103415
0.011986,0.103896
0.011986,0.104377
0.011986,0.104858
0.011986,0.105339
0.011986,0.105820
0.011986,0.106301
0.011986,0.106782
0.011986,0.107263
0.011986,0.107744
0.011986,0.108225
0.011986,0.108706
0.011986,0.109187
0.011986,0.109668
0.011986,0.110149
0.011986,0.110630
0.011986,0.111111
0.011986,0.111592
0.011986,0.112073
0.011986,0.112554
0.011986,0.113035
0.011986,0.113516
0.011986,0.113997
0.011986,0.114478
0.011986,0.114959
0.011986,0.115440
0.011986,0.115921
0.011986,0.116402
0.011986,0.116883
0.011986,0.117364
0.011986,0.117845
0.011986,0.118326
0.011986,0.118807
0.011986,0.119288
0.011986,0.119769
0.011986,0.120250
0.011986,0.120731
0.011986,0.121212
0.011986,0.121693
0.011986,0.122174
0.011986,0.122655
0.011986,0.123136
0.011986,0.123617
0.011986,0.124098
0.011986,0.124579
0.011986,0.125060
0.011986,0.125541
0.011986,0.126022
0.011986,0.126503
0.011986,0.126984
0.011986,0.127465
0.011986,0.127946
0.011986,0.128427
0.011986,0.128908
0.011986,0.129389
0.011986,0.129870
0.011986,0.130351
0.011986,0.130832
0.011986,0.131313
0.011986,0.131794
0.011986,0.132275
0.011986,0.132756
0.011986,0.133237
0.011986,0.133718
0.011986,0.134199
0.011986,0.134680
0.011986,0.135161
0.011986,0.135642
0.011986,0.136123
0.011986,0.136604
0.011986,0.137085
0.011986,0.137566
0.011986,0.138047
0.011986,0.138528
0.011986,0.139009
0.011986,0.139490
0.011986,0.139971
0.011986,0.140452
0.011986,0.140933
0.011986,0.141414
0.011986,0.141895
0.011986,0.142376
0.011986,0.142857
0.011986,0.143338
0.011986,0.143819
0.011986,0.144300
0.011986,0.144781
0.011986,0.145262
0.011986,0.145743
0.011986,0.146224
0.011986,0.146705
0.011986,0.147186
0.011986,0.147667
0.011986,0.148148
0.011986,0.148629
0.011986,0.149110
0.011986,0.149591
0.011986,0.150072
0.011986,0.150553
0.011986,0.151034
0.011986,0.151515
0.011986,0.151996
0.011986,0.152477
0.011986,0.152958
0.011986,0.153439
0.011986,0.153920
0.011986,0.154401
0.011986,0.154882
0.011986,0.155363
0.011986,0.155844
0.011986,0.156325
0.011986,0.156806
0.011986,0.157287
0.011986,0.157768
0.011986,0.158249
0.011986,0.158730
0.011986,0.159211
0.011986,0.159692
0.011986,0.160173
0.011986,0.160654
0.011986,0.161135
0.011986,0.161616
0.011986,0.162097
0.011986,0.162578
0.011986,0.163059
0.011986,0.163540
0.011986,0.164021
0.011986,0.164502
0.011986,0.164983
0.011986,0.165464
0.011986,0.165945
0.011986,0.166426
0.011986,0.166907
0.011986,0.167388
0.011986,0.167869
0.011986,0.168350
0.011986,0.168831
0.011986,0.169312
0.011986,0.169793
0.011986,0.170274
0.011986,0.170755
0.011986,0.171236
0.011986,0.171717
0.011986,0.172198
0.011986,0.172679
0.011986,0.173160
0.011986,0.173641
0.011986,0.174122
0.011986,0.174603
0.011986,0.175084
0.011986,0.175565
0.011986,0.176046
0.011986,0.176527
0.011986,0.177008
0.011986,0.177489
0.011986,0.177970
0.011986,0.178451
0.011986,0.178932
0.011986,0.179413
0.011986,0.179894
0.011986,0.180375
0.011986,0.180856
0.011986,0.181337
0.011986,0.181818
0.011986,0.182299
0.011986,0.182780
0.011986,0.183261
0.011986,0.183742
0.011986,0.184223
0.011986,0.184704
0.013699,0.184704
0.013699,0.185185
0.013699,0.185666
0.013699,0.186147
0.013699,0.186628
0.013699,0.187109
0.013699,0.187590
0.013699,0.188071
0.015411,0.188071
0.015411,0.188552
0.015411,0.189033
0.015411,0.189514
0.015411,0.189995
0.015411,0.190476
0.015411,0.190957
0.015411,0.191438
0.015411,0.191919
0.015411,0.192400
0.015411,0.192881
0.015411,0.193362
0.015411,0.193843
0.015411,0.194324
0.015411,0.194805
0.015411,0.195286
0.015411,0.195767
0.015411,0.196248
0.015411,0.196729
0.015411,0.197210
0.015411,0.197691
0.015411,0.198172
0.015411,0.198653
0.015411,0.199134
0.015411,0.199615
0.015411,0.200096
0.015411,0.200577
0.015411,0.201058
0.015411,0.201539
0.015411,0.202020
0.015411,0.202501
0.015411,0.202982
0.015411,0.203463
0.015411,0.203944
0.015411,0.204425
0.015411,0.204906
0.015411,0.205387
0.015411,0.205868
0.015411,0.206349
0.015411,0.206830
0.015411,0.207311
0.015411,0.207792
0.015411,0.208273
0.015411,0.208754
0.015411,0.209235
0.015411,0.209716
0.015411,0.210197
0.015411,0.210678
0.015411,0.211159
0.015411,0.211640
0.015411,0.212121
0.015411,0.212602
0.015411,0.213083
0.015411,0.213564
0.015411,0.214045
0.015411,0.214526
0.015411,0.215007
0.015411,0.215488
0.015411,0.215969
0.015411,0.216450
0.015411,0.216931
0.015411,0.217412
0.015411,0.217893
0.015411,0.218374
0.015411,0.218855
0.015411,0.219336
0.015411,0.219817
0.015411,0.220298
0.015411,0.220779
0.015411,0.221260
0.015411,0.221741
0.015411,0.222222
0.015411,0.222703
0.015411,0.223184
0.015411,0.223665
0.015411,0.224146
0.015411,0.224627
0.015411,0.225108
0.015411,0.225589
0.015411,0.226070
0.015411,0.226551
0.015411,0.227032
0.015411,0.227513
0.015411,0.227994
0.015411,0.228475
0.015411,0.228956
0.015411,0.229437
0.015411,0.229918
0.015411,0.230399
0.015411,0.230880
0.015411,0.231361
0.015411,0.231842
0.015411,0.232323
0.015411,0.232804
0.015411,0.233285
0.015411,0.233766
0.015411,0.234247
0.015411,0.234728
0.015411,0.235209
0.015411,0.235690
0.015411,0.236171
0.015411,0.236652
0.015411,0.237133
0.015411,0.237614
0.015411,0.238095
0.015411,0.238576
0.015411,0.239057
0.015411,0.239538
0.015411,0.240019
0.015411,0.240500
0.015411,0.240981
0.015411,0.241462
0.015411,0.241943
0.015411,0.242424
0.015411,0.242905
0.015411,0.243386
0.015411,0.243867
0.015411,0.244348
0.015411,0.244829
0.015411,0.245310
0.015411,0.245791
0.015411,0.246272
0.015411,0.246753
0.015411,0.247234
0.015411,0.247715
0.015411,0.248196
0.015411,0.248677
0.015411,0.249158
0.015411,0.249639
0.015411,0.250120
0.015411,0.250601
0.015411,0.251082
0.015411,0.251563
0.015411,0.252044
0.015411,0.252525
0.015411,0.253006
0.015411,0.253487
0.015411,0.253968
0.015411,0.254449
0.015411,0.254930
0.015411,0.255411
0.015411,0.255892
0.015411,0.256373
0.015411,0.256854
0.015411,0.257335
0.015411,0.257816
0.015411,0.258297
0.015411,0.258778
0.015411,0.259259
0.015411,0.259740
0.015411,0.260221
0.015411,0.260702
0.015411,0.261183
0.015411,0.261664
0.015411,0.262145
0.015411,0.262626
0.015411,0.263107
0.015411,0.263588
0.015411,0.264069
0.015411,0.264550
0.015411,0.265031
0.015411,0.265512
0.015411,0.265993
0.015411,0.266474
0.015411,0.266955
0.015411,0.267436
0.015411,0.267917
0.015411,0.268398
0.015411,0.268879
0.015411,0.269360
0.015411,0.269841
0.015411,0.270322
0.015411,0.270803
0.015411,0.271284
0.015411,0.271765
0.015411,0.272246
0.015411,0.272727
0.015411,0.273208
0.015411,0.273689
0.015411,0.274170
0.015411,0.274651
0.015411,0.275132
0.015411,0.275613
0.015411,0.276094
0.015411,0.276575
0.015411,0.277056
0.015411,0.277537
0.015411,0.278018
0.015411,0.278499
0.015411,0.278980
0.015411,0.279461
0.015411,0.279942
0.015411,0.280423
0.015411,0.280904
0.015411,0.281385
0.015411,0.281866
0.017123,0.281866
0.017123,0.282347
0.017123,0.282828
0.017123,0.283309
0.017123,0.283790
0.017123,0.284271
0.017123,0.284752
0.017123,0.285233
0.017123,0.285714
0.017123,0.286195
0.017123,0.286676
0.017123,0.287157
0.017123,0.287638
0.017123,0.288119
0.017123,0.288600
0.017123,0.289081
0.017123,0.289562
0.017123,0.290043
0.017123,0.290524
0.017123,0.291005
0.017123,0.291486
0.017123,0.291967
0.017123,0.292448
0.017123,0.292929
0.017123,0.293410
0.017123,0.293891
0.017123,0.294372
0.017123,0.294853
0.017123,0.295334
0.017123,0.295815
0.017123,0.296296
0.017123,0.296777
0.017123,0.297258
0.017123,0.297739
0.017123,0.298220
0.017123,0.298701
0.017123,0.299182
0.017123,0.299663
0.017123,0.300144
0.017123,0.300625
0.017123,0.301106
0.017123,0.301587
0.017123,0.302068
0.017123,0.302549
0.017123,0.303030
0.017123,0.303511
0.017123,0.303992
0.017123,0.304473
0.018836,0.304473
0.018836,0.304954
0.018836,0.305435
0.018836,0.305916
0.018836,0.306397
0.018836,0.306878
0.018836,0.307359
0.018836,0.307840
0.018836,0.308321
0.018836,0.308802
0.018836,0.309283
0.018836,0.309764
0.018836,0.310245
0.018836,0.310726
0.018836,0.311207
0.018836,0.311688
0.018836,0.312169
0.018836,0.312650
0.018836,0.313131
0.018836,0.313612
0.018836,0.314093
0.018836,0.314574
0.018836,0.315055
0.018836,0.315536
0.018836,0.316017
0.018836,0.316498
0.018836,0.316979
0.018836,0.317460
0.018836,0.317941
0.018836,0.318422
0.018836,0.318903
0.018836,0.319384
0.018836,0.319865
0.018836,0.320346
0.018836,0.320827
0.018836,0.321308
0.018836,0.321789
0.018836,0.322270
0.018836,0.322751
0.018836,0.323232
0.018836,0.323713
0.018836,0.324194
0.018836,0.324675
0.018836,0.325156
0.018836,0.325637
0.018836,0.326118
0.018836,0.326599
0.018836,0.327080
0.018836,0.327561
0.018836,0.328042
0.018836,0.328523
0.018836,0.329004
0.018836,0.329485
0.018836,0.329966
0.018836,0.330447
0.018836,0.330928
0.018836,0.331409
0.018836,0.331890
0.018836,0.332371
0.018836,0.332852
0.018836,0.333333
0.018836,0.333814
0.018836,0.334295
0.018836,0.334776
0.018836,0.335257
0.018836,0.335738
0.018836,0.336219
0.018836,0.336700
0.018836,0.337181
0.018836,0.337662
0.018836,0.338143
0.018836,0.338624
0.018836,0.339105
0.018836,0.339586
0.018836,0.340067
0.018836,0.340548
0.018836,0.341029
0.018836,0.341510
0.018836,0.341991
0.018836,0.342472
0.018836,0.342953
0.018836,0.343434
0.018836,0.343915
0.018836,0.344396
0.018836,0.344877
0.018836,0.345358
0.018836,0.345839
0.018836,0.346320
0.018836,0.346801
0.018836,0.347282
0.018836,0.347763
0.018836,0.348244
0.018836,0.348725
0.018836,0.349206
0.018836,0.349687
0.018836,0.350168
0.018836,0.350649
0.018836,0.351130
0.018836,0.351611
0.018836,0.352092
0.018836,0.352573
0.018836,0.353054
0.018836,0.353535
0.018836,0.354016
0.018836,0.354497
0.018836,0.354978
0.018836,0.355459
0.018836,0.355940
0.018836,0.356421
0.018836,0.356902
0.018836,0.357383
0.018836,0.357864
0.018836,0.358345
0.018836,0.358826
0.018836,0.359307
0.018836,0.359788
0.018836,0.360269
0.018836,0.360750
0.018836,0.361231
0.018836,0.361712
0.018836,0.362193
0.018836,0.362674
0.018836,0.363155
0.018836,0.363636
0.018836,0.364117
0.018836,0.364598
0.018836,0.365079
0.018836,0.365560
0.018836,0.366041
0.018836,0.366522
0.018836,0.367003
0.018836,0.367484
0.018836,0.367965
0.018836,0.368446
0.018836,0.368927
0.018836,0.369408
0.018836,0.369889
0.018836,0.370370
0.018836,0.370851
0.018836,0.371332
0.018836,0.371813
0.018836,0.372294
0.018836,0.372775
0.018836,0.373256
0.018836,0.373737
0.018836,0.374218
0.018836,0.374699
0.018836,0.375180
0.018836,0.375661
0.018836,0.376142
0.018836,0.376623
0.018836,0.377104
0.018836,0.377585
0.018836,0.378066
0.018836,0.378547
0.018836,0.379028
0.018836,0.379509
0.018836,0.379990
0.018836,0.380471
0.018836,0.380952
0.018836,0.381433
0.018836,0.381914
0.018836,0.382395
0.018836,0.382876
0.018836,0.383357
0.018836,0.383838
0.018836,0.384319
0.018836,0.384800
0.018836,0.385281
0.018836,0.385762
0.018836,0.386243
0.018836,0.386724
0.018836,0.387205
0.018836,0.387686
0.018836,0.388167
0.018836,0.388648
0.018836,0.389129
0.018836,0.389610
0.018836,0.390091
0.018836,0.390572
0.018836,0.391053
0.018836,0.391534
0.018836,0.392015
0.018836,0.392496
0.018836,0.392977
0.018836,0.393458
0.018836,0.393939
0.018836,0.394420
0.018836,0.394901
0.018836,0.395382
0.018836,0.395863
0.018836,0.396344
0.018836,0.396825
0.018836,0.397306
0.018836,0.397787
0.018836,0.398268
0.018836,0.398749
0.018836,0.399230
0.018836,0.399711
0.018836,0.400192
0.018836,0.400673
0.018836,0.401154
0.018836,0.401635
0.018836,0.402116
0.020548,0.402116
0.020548,0.402597
0.020548,0.403078
0.020548,0.403559
0.020548,0.404040
0.020548,0.404521
0.020548,0.405002
0.020548,0.405483
0.020548,0.405964
0.020548,0.406445
0.020548,0.406926
0.020548,0.407407
0.020548,0.407888
0.020548,0.408369
0.020548,0.408850
0.020548,0.409331
0.020548,0.409812
0.020548,0.410293
0.020548,0.410774
0.020548,0.411255
0.020548,0.411736
0.020548,0.412217
0.020548,0.412698
0.020548,0.413179
0.020548,0.413660
0.020548,0.414141
0.020548,0.414622
0.022260,0.414622
0.022260,0.415103
0.022260,0.415584
0.022260,0.416065
0.022260,0.416546
0.022260,0.417027
0.022260,0.417508
0.022260,0.417989
0.022260,0.418470
0.022260,0.418951
0.022260,0.419432
0.022260,0.419913
0.022260,0.420394
0.022260,0.420875
0.022260,0.421356
0.022260,0.421837
0.022260,0.422318
0.022260,0.422799
0.022260,0.423280
0.022260,0.423761
0.022260,0.424242
0.022260,0.424723
0.022260,0.425204
0.022260,0.425685
0.022260,0.426166
0.022260,0.426647
0.022260,0.427128
0.022260,0.427609
0.022260,0.428090
0.022260,0.428571
0.022260,0.429052
0.022260,0.429533
0.022260,0.430014
0.022260,0.430495
0.022260,0.430976
0.022260,0.431457
0.022260,0.431938
0.022260,0.432419
0.022260,0.432900
0.022260,0.433381
0.022260,0.433862
0.022260,0.434343
0.022260,0.434824
0.022260,0.435305
0.022260,0.435786
0.023973,0.435786
0.023973,0.436267
0.023973,0.436748
0.023973,0.437229
0.023973,0.437710
0.023973,0.438191
0.023973,0.438672
0.023973,0.439153
0.023973,0.439634
0.023973,0.440115
0.023973,0.440596
0.023973,0.441077
0.023973,0.441558
0.023973,0.442039
0.023973,0.442520
0.023973,0.443001
0.023973,0.443482
0.023973,0.443963
0.023973,0.444444
0.023973,0.444925
0.023973,0.445406
0.023973,0.445887
0.023973,0.446368
0.023973,0.446849
0.023973,0.447330
0.023973,0.447811
0.023973,0.448292
0.023973,0.448773
0.023973,0.449254
0.023973,0.449735
0.023973,0.450216
0.023973,0.450697
0.023973,0.451178
0.023973,0.451659
0.023973,0.452140
0.023973,0.452621
0.023973,0.453102
0.023973,0.453583
0.023973,0.454064
0.023973,0.454545
0.023973,0.455026
0.023973,0.455507
0.023973,0.455988
0.023973,0.456469
0.023973,0.456950
0.023973,0.457431
0.023973,0.457912
0.023973,0.458393
0.023973,0.458874
0.023973,0.459355
0.023973,0.459836
0.023973,0.460317
0.023973,0.460798
0.023973,0.461279
0.023973,0.461760
0.023973,0.462241
0.023973,0.462722
0.023973,0.463203
0.023973,0.463684
0.023973,0.464165
0.023973,0.464646
0.023973,0.465127
0.023973,0.465608
0.023973,0.466089
0.023973,0.466570
0.023973,0.467051
0.023973,0.467532
0.023973,0.468013
0.023973,0.468494
0.023973,0.468975
0.023973,0.469456
0.023973,0.469937
0.023973,0.470418
0.023973,0.470899
0.023973,0.471380
0.023973,0.471861
0.023973,0.472342
0.023973,0.472823
0.023973,0.473304
0.023973,0.473785
0.023973,0.474266
0.023973,0.474747
0.023973,0.475228
0.023973,0.475709
0.023973,0.476190
0.023973,0.476671
0.023973,0.477152
0.023973,0.477633
0.023973,0.478114
0.023973,0.478595
0.023973,0.479076
0.023973,0.479557
0.023973,0.480038
0.023973,0.480519
0.023973,0.481000
0.023973,0.481481
0.023973,0.481962
0.023973,0.482443
0.023973,0.482924
0.023973,0.483405
0.023973,0.483886
0.023973,0.484367
0.023973,0.484848
0.023973,0.485329
0.023973,0.485810
0.023973,0.486291
0.023973,0.486772
0.023973,0.487253
0.023973,0.487734
0.023973,0.488215
0.023973,0.488696
0.023973,0.489177
0.023973,0.489658
0.023973,0.490139
0.023973,0.490620
0.023973,0.491101
0.023973,0.491582
0.023973,0.492063
0.023973,0.492544
0.023973,0.493025
0.023973,0.493506
0.023973,0.493987
0.023973,0.494468
0.023973,0.494949
0.023973,0.495430
0.023973,0.495911
0.023973,0.496392
0.023973,0.496873
0.023973,0.497354
0.023973,0.497835
0.023973,0.498316
0.023973,0.498797
0.023973,0.499278
0.023973,0.499759
0.023973,0.500241
0.023973,0.500722
0.023973,0.501203
0.023973,0.501684
0.023973,0.502165
0.023973,0.502646
0.023973,0.503127
0.023973,0.503608
0.023973,0.504089
0.023973,0.504570
0.023973,0.505051
0.023973,0.505532
0.023973,0.506013
0.023973,0.506494
0.023973,0.506975
0.023973,0.507456
0.023973,0.507937
0.023973,0.508418
0.023973,0.508899
0.023973,0.509380
0.023973,0.509861
0.023973,0.510342
0.023973,0.510823
0.023973,0.511304
0.023973,0.511785
0.023973,0.512266
0.023973,0.512747
0.023973,0.513228
0.023973,0.513709
0.023973,0.514190
0.023973,0.514671
0.023973,0.515152
0.023973,0.515633
0.023973,0.516114
0.023973,0.516595
0.023973,0.517076
0.023973,0.517557
0.023973,0.518038
0.023973,0.518519
0.023973,0.519000
0.023973,0.519481
0.023973,0.519962
0.023973,0.520443
0.023973,0.520924
0.023973,0.521405
0.023973,0.521886
0.023973,0.522367
0.023973,0.522848
0.023973,0.523329
0.023973,0.523810
0.023973,0.524291
0.023973,0.524772
0.023973,0.525253
0.023973,0.525734
0.023973,0.526215
0.023973,0.526696
0.023973,0.527177
0.023973,0.527658
0.023973,0.528139
0.023973,0.528620
0.023973,0.529101
0.023973,0.529582
0.023973,0.530063
0.023973,0.530544
0.023973,0.531025
0.023973,0.531506
0.023973,0.531987
0.023973,0.532468
0.023973,0.532949
0.023973,0.533430
0.023973,0.533911
0.023973,0.534392
0.023973,0.534873
0.023973,0.535354
0.023973,0.535835
0.023973,0.536316
0.023973,0.536797
0.023973,0.537278
0.023973,0.537759
0.023973,0.538240
0.023973,0.538721
0.023973,0.539202
0.023973,0.539683
0.023973,0.540164
0.023973,0.540645
0.025685,0.540645
0.025685,0.541126
0.025685,0.541607
0.025685,0.542088
0.025685,0.542569
0.025685,0.543050
0.025685,0.543531
0.025685,0.544012
0.025685,0.544493
0.025685,0.544974
0.025685,0.545455
0.025685,0.545936
0.025685,0.546417
0.025685,0.546898
0.025685,0.547379
0.025685,0.547860
0.025685,0.548341
0.025685,0.548822
0.025685,0.549303
0.025685,0.549784
0.025685,0.550265
0.025685,0.550746
0.025685,0.551227
0.025685,0.551708
0.025685,0.552189
0.025685,0.552670
0.025685,0.553151
0.025685,0.553632
0.025685,0.554113
0.025685,0.554594
0.025685,0.555075
0.025685,0.555556
0.025685,0.556037
0.025685,0.556518
0.025685,0.556999
0.025685,0.557480
0.025685,0.557961
0.025685,0.558442
0.025685,0.558923
0.025685,0.559404
0.025685,0.559885
0.025685,0.560366
0.025685,0.560847
0.025685,0.561328
0.025685,0.561809
0.025685,0.562290
0.025685,0.562771
0.025685,0.563252
0.025685,0.563733
0.025685,0.564214
0.025685,0.564695
0.025685,0.565176
0.025685,0.565657
0.025685,0.566138
0.025685,0.566619
0.025685,0.567100
0.025685,0.567581
0.025685,0.568062
0.025685,0.568543
0.025685,0.569024
0.025685,0.569505
0.025685,0.569986
0.025685,0.570467
0.025685,0.570948
0.025685,0.571429
0.025685,0.571910
0.025685,0.572391
0.025685,0.572872
0.025685,0.573353
0.025685,0.573834
0.025685,0.574315
0.025685,0.574796
0.025685,0.575277
0.025685,0.575758
0.025685,0.576239
0.025685,0.576720
0.025685,0.577201
0.025685,0.577682
0.025685,0.578163
0.025685,0.578644
0.025685,0.579125
0.025685,0.579606
0.025685,0.580087
0.025685,0.580568
0.025685,0.581049
0.025685,0.581530
0.025685,0.582011
0.025685,0.582492
0.025685,0.582973
0.025685,0.583454
0.025685,0.583935
0.025685,0.584416
0.025685,0.584897
0.025685,0.585378
0.025685,0.585859
0.025685,0.586340
0.025685,0.586821
0.025685,0.587302
0.025685,0.587783
0.025685,0.588264
0.025685,0.588745
0.025685,0.589226
0.025685,0.589707
0.025685,0.590188
0.025685,0.590669
0.025685,0.591150
0.025685,0.591631
0.025685,0.592112
0.025685,0.592593
0.025685,0.593074
0.025685,0.593555
0.025685,0.594036
0.025685,0.594517
0.025685,0.594998
0.025685,0.595479
0.025685,0.595960
0.025685,0.596441
0.025685,0.596922
0.025685,0.597403
0.025685,0.597884
0.025685,0.598365
0.025685,0.598846
0.025685,0.599327
0.025685,0.599808
0.025685,0.600289
0.025685,0.600770
0.025685,0.601251
0.025685,0.601732
0.025685,0.602213
0.025685,0.602694
0.025685,0.603175
0.025685,0.603656
0.025685,0.604137
0.025685,0.604618
0.025685,0.605099
0.025685,0.605580
0.025685,0.606061
0.025685,0.606542
0.025685,0.607023
0.025685,0.607504
0.025685,0.607985
0.025685,0.608466
0.025685,0.608947
0.025685,0.609428
0.025685,0.609909
0.025685,0.610390
0.025685,0.610871
0.025685,0.611352
0.025685,0.611833
0.025685,0.612314
0.025685,0.612795
0.025685,0.613276
0.025685,0.613757
0.025685,0.614238
0.025685,0.614719
0.025685,0.615200
0.025685,0.615681
0.025685,0.616162
0.025685,0.616643
0.025685,0.617124
0.025685,0.617605
0.025685,0.618086
0.025685,0.618567
0.025685,0.619048
0.025685,0.619529
0.025685,0.620010
0.025685,0.620491
0.025685,0.620972
0.025685,0.621453
0.025685,0.621934
0.025685,0.622415
0.025685,0.622896
0.025685,0.623377
0.025685,0.623858
0.025685,0.624339
0.025685,0.624820
0.025685,0.625301
0.025685,0.625782
0.025685,0.626263
0.025685,0.626744
0.025685,0.627225
0.025685,0.627706
0.025685,0.628187
0.025685,0.628668
0.025685,0.629149
0.025685,0.629630
0.025685,0.630111
0.025685,0.630592
0.025685,0.631073
0.025685,0.631554
0.025685,0.632035
0.025685,0.632516
0.025685,0.632997
0.025685,0.633478
0.025685,0.633959
0.025685,0.634440
0.025685,0.634921
0.025685,0.635402
0.025685,0.635883
0.025685,0.636364
0.025685,0.636845
0.025685,0.637326
0.025685,0.637807
0.025685,0.638288
0.025685,0.638769
0.025685,0.639250
0.025685,0.639731
0.025685,0.640212
0.025685,0.640693
0.025685,0.641174
0.025685,0.641655
0.025685,0.642136
0.025685,0.642617
0.025685,0.643098
0.025685,0.643579
0.025685,0.644060
0.025685,0.644541
0.025685,0.645022
0.025685,0.645503
0.025685,0.645984
0.025685,0.646465
0.025685,0.646946
0.025685,0.647427
0.025685,0.647908
0.025685,0.648389
0.025685,0.648870
0.025685,0.649351
0.025685,0.649832
0.025685,0.650313
0.025685,0.650794
0.025685,0.651275
0.025685,0.651756
0.025685,0.652237
0.025685,0.652718
0.025685,0.653199
0.025685,0.653680
0.025685,0.654161
0.025685,0.654642
0.025685,0.655123
0.025685,0.655604
0.025685,0.656085
0.025685,0.656566
0.025685,0.657047
0.025685,0.657528
0.025685,0.658009
0.025685,0.658490
0.025685,0.658971
0.025685,0.659452
0.025685,0.659933
0.025685,0.660414
0.025685,0.660895
0.025685,0.661376
0.025685,0.661857
0.025685,0.662338
0.025685,0.662819
0.025685,0.663300
0.025685,0.663781
0.025685,0.664262
0.025685,0.664743
0.025685,0.665224
0.025685,0.665705
0.025685,0.666186
0.025685,0.666667
0.025685,0.667148
0.025685,0.667629
0.025685,0.668110
0.025685,0.668591
0.025685,0.669072
0.025685,0.669553
0.025685,0.670034
0.025685,0.670515
0.025685,0.670996
0.025685,0.671477
0.025685,0.671958
0.025685,0.672439
0.025685,0.672920
0.025685,0.673401
0.025685,0.673882
0.025685,0.674363
0.025685,0.674844
0.025685,0.675325
0.025685,0.675806
0.025685,0.676287
0.025685,0.676768
0.025685,0.677249
0.025685,0.677730
0.025685,0.678211
0.025685,0.678692
0.025685,0.679173
0.025685,0.679654
0.025685,0.680135
0.025685,0.680616
0.025685,0.681097
0.025685,0.681578
0.025685,0.682059
0.025685,0.682540
0.025685,0.683021
0.025685,0.683502
0.025685,0.683983
0.025685,0.684464
0.025685,0.684945
0.025685,0.685426
0.025685,0.685907
0.025685,0.686388
0.025685,0.686869
0.025685,0.687350
0.027397,0.687350
0.027397,0.687831
0.027397,0.688312
0.027397,0.688793
0.027397,0.689274
0.027397,0.689755
0.027397,0.690236
0.027397,0.690717
0.027397,0.691198
0.027397,0.691679
0.027397,0.692160
0.027397,0.692641
0.027397,0.693122
0.027397,0.693603
0.027397,0.694084
0.029110,0.694084
0.029110,0.694565
0.029110,0.695046
0.029110,0.695527
0.029110,0.696008
0.029110,0.696489
0.029110,0.696970
0.029110,0.697451
0.029110,0.697932
0.030822,0.697932
0.030822,0.698413
0.030822,0.698894
0.030822,0.699375
0.030822,0.699856
0.030822,0.700337
0.030822,0.700818
0.030822,0.701299
0.030822,0.701780
0.030822,0.702261
0.030822,0.702742
0.030822,0.703223
0.030822,0.703704
0.030822,0.704185
0.030822,0.704666
0.030822,0.705147
0.030822,0.705628
0.030822,0.706109
0.030822,0.706590
0.030822,0.707071
0.030822,0.707552
0.030822,0.708033
0.030822,0.708514
0.030822,0.708995
0.030822,0.709476
0.030822,0.709957
0.030822,0.710438
0.030822,0.710919
0.030822,0.711400
0.030822,0.711881
0.030822,0.712362
0.030822,0.712843
0.030822,0.713324
0.030822,0.713805
0.030822,0.714286
0.030822,0.714767
0.030822,0.715248
0.030822,0.715729
0.030822,0.716210
0.030822,0.716691
0.030822,0.717172
0.030822,0.717653
0.030822,0.718134
0.030822,0.718615
0.030822,0.719096
0.030822,0.719577
0.030822,0.720058
0.030822,0.720539
0.030822,0.721020
0.030822,0.721501
0.030822,0.721982
0.030822,0.722463
0.030822,0.722944
0.032534,0.722944
0.032534,0.723425
0.032534,0.723906
0.032534,0.724387
0.032534,0.724868
0.032534,0.725349
0.032534,0.725830
0.032534,0.726311
0.032534,0.726792
0.032534,0.727273
0.032534,0.727754
0.032534,0.728235
0.032534,0.728716
0.032534,0.729197
0.032534,0.729678
0.032534,0.730159
0.032534,0.730640
0.032534,0.731121
0.032534,0.731602
0.032534,0.732083
0.032534,0.732564
0.032534,0.733045
0.032534,0.733526
0.032534,0.734007
0.032534,0.734488
0.032534,0.734969
0.034247,0.734969
0.035959,0.734969
0.035959,0.735450
0.035959,0.735931
0.035959,0.736412
0.035959,0.736893
0.035959,0.737374
0.035959,0.737855
0.035959,0.738336
0.035959,0.738817
0.035959,0.739298
0.035959,0.739779
0.035959,0.740260
0.035959,0.740741
0.035959,0.741222
0.035959,0.741703
0.035959,0.742184
0.035959,0.742665
0.035959,0.743146
0.035959,0.743627
0.035959,0.744108
0.035959,0.744589
0.035959,0.745070
0.035959,0.745551
0.035959,0.746032
0.035959,0.746513
0.035959,0.746994
0.035959,0.747475
0.035959,0.747956
0.035959,0.748437
0.035959,0.748918
0.035959,0.749399
0.035959,0.749880
0.035959,0.750361
0.035959,0.750842
0.035959,0.751323
0.035959,0.751804
0.035959,0.752285
0.035959,0.752766
0.035959,0.753247
0.035959,0.753728
0.035959,0.754209
0.035959,0.754690
0.035959,0.755171
0.035959,0.755652
0.035959,0.756133
0.035959,0.756614
0.035959,0.757095
0.035959,0.757576
0.035959,0.758057
0.035959,0.758538
0.035959,0.759019
0.035959,0.759500
0.035959,0.759981
0.035959,0.760462
0.035959,0.760943
0.035959,0.761424
0.035959,0.761905
0.035959,0.762386
0.035959,0.762867
0.035959,0.763348
0.035959,0.763829
0.035959,0.764310
0.035959,0.764791
0.035959,0.765272
0.035959,0.765753
0.035959,0.766234
0.035959,0.766715
0.035959,0.767196
0.035959,0.767677
0.035959,0.768158
0.035959,0.768639
0.035959,0.769120
0.035959,0.769601
0.037671,0.769601
0.037671,0.770082
0.037671,0.770563
0.037671,0.771044
0.037671,0.771525
0.037671,0.772006
0.037671,0.772487
0.037671,0.772968
0.037671,0.773449
0.037671,0.773930
0.037671,0.774411
0.037671,0.774892
0.037671,0.775373
0.037671,0.775854
0.037671,0.776335
0.037671,0.776816
0.037671,0.777297
0.037671,0.777778
0.037671,0.778259
0.037671,0.778740
0.037671,0.779221
0.037671,0.779702
0.037671,0.780183
0.037671,0.780664
0.037671,0.781145
0.037671,0.781626
0.037671,0.782107
0.037671,0.782588
0.037671,0.783069
0.037671,0.783550
0.037671,0.784031
0.037671,0.784512
0.037671,0.784993
0.037671,0.785474
0.037671,0.785955
0.037671,0.786436
0.037671,0.786917
0.039384,0.786917
0.039384,0.787398
0.039384,0.787879
0.039384,0.788360
0.039384,0.788841
0.039384,0.789322
0.039384,0.789803
0.039384,0.790284
0.039384,0.790765
0.039384,0.791246
0.039384,0.791727
0.039384,0.792208
0.039384,0.792689
0.039384,0.793170
0.039384,0.793651
0.039384,0.794132
0.039384,0.794613
0.039384,0.795094
0.039384,0.795575
0.039384,0.796056
0.039384,0.796537
0.039384,0.797018
0.039384,0.797499
0.039384,0.797980
0.039384,0.798461
0.039384,0.798942
0.041096,0.798942
0.041096,0.799423
0.041096,0.799904
0.041096,0.800385
0.041096,0.800866
0.041096,0.801347
0.041096,0.801828
0.041096,0.802309
0.041096,0.802790
0.041096,0.803271
0.041096,0.803752
0.041096,0.804233
0.041096,0.804714
0.041096,0.805195
0.041096,0.805676
0.041096,0.806157
0.041096,0.806638
0.042808,0.806638
0.042808,0.807119
0.042808,0.807600
0.042808,0.808081
0.042808,0.808562
0.042808,0.809043
0.042808,0.809524
0.042808,0.810005
0.042808,0.810486
0.042808,0.810967
0.042808,0.811448
0.042808,0.811929
0.042808,0.812410
0.042808,0.812891
0.042808,0.813372
0.042808,0.813853
0.042808,0.814334
0.042808,0.814815
0.042808,0.815296
0.042808,0.815777
0.042808,0.816258
0.042808,0.816739
0.042808,0.817220
0.042808,0.817701
0.042808,0.818182
0.042808,0.818663
0.042808,0.819144
0.042808,0.819625
0.042808,0.820106
0.042808,0.820587
0.042808,0.821068
0.042808,0.821549
0.042808,0.822030
0.042808,0.822511
0.042808,0.822992
0.042808,0.823473
0.042808,0.823954
0.042808,0.824435
0.042808,0.824916
0.042808,0.825397
0.042808,0.825878
0.042808,0.826359
0.042808,0.826840
0.042808,0.827321
0.042808,0.827802
0.042808,0.828283
0.042808,0.828764
0.042808,0.829245
0.042808,0.829726
0.042808,0.830207
0.042808,0.830688
0.044521,0.830688
0.044521,0.831169
0.044521,0.831650
0.044521,0.832131
0.044521,0.832612
0.044521,0.833093
0.044521,0.833574
0.044521,0.834055
0.044521,0.834536
0.044521,0.835017
0.044521,0.835498
0.046233,0.835498
0.046233,0.835979
0.046233,0.836460
0.046233,0.836941
0.046233,0.837422
0.046233,0.837903
0.046233,0.838384
0.046233,0.838865
0.046233,0.839346
0.046233,0.839827
0.046233,0.840308
0.046233,0.840789
0.046233,0.841270
0.046233,0.841751
0.047945,0.841751
0.047945,0.842232
0.047945,0.842713
0.047945,0.843194
0.047945,0.843675
0.047945,0.844156
0.047945,0.844637
0.047945,0.845118
0.047945,0.845599
0.047945,0.846080
0.047945,0.846561
0.047945,0.847042
0.047945,0.847523
0.047945,0.848004
0.047945,0.848485
0.047945,0.848966
0.047945,0.849447
0.047945,0.849928
0.047945,0.850409
0.047945,0.850890
0.047945,0.851371
0.047945,0.851852
0.047945,0.852333
0.047945,0.852814
0.047945,0.853295
0.047945,0.853776
0.047945,0.854257
0.047945,0.854738
0.049658,0.854738
0.049658,0.855219
0.049658,0.855700
0.049658,0.856181
0.049658,0.856662
0.049658,0.857143
0.049658,0.857624
0.049658,0.858105
0.049658,0.858586
0.049658,0.859067
0.049658,0.859548
0.049658,0.860029
0.049658,0.860510
0.049658,0.860991
0.049658,0.861472
0.049658,0.861953
0.049658,0.862434
0.049658,0.862915
0.049658,0.863396
0.049658,0.863877
0.049658,0.864358
0.049658,0.864839
0.049658,0.865320
0.049658,0.865801
0.049658,0.866282
0.051370,0.866282
0.051370,0.866763
0.051370,0.867244
0.051370,0.867725
0.051370,0.868206
0.051370,0.868687
0.051370,0.869168
0.051370,0.869649
0.051370,0.870130
0.051370,0.870611
0.051370,0.871092
0.051370,0.871573
0.051370,0.872054
0.051370,0.872535
0.051370,0.873016
0.051370,0.873497
0.051370,0.873978
0.051370,0.874459
0.051370,0.874940
0.051370,0.875421
0.051370,0.875902
0.051370,0.876383
0.051370,0.876864
0.051370,0.877345
0.051370,0.877826
0.051370,0.878307
0.051370,0.878788
0.051370,0.879269
0.051370,0.879750
0.051370,0.880231
0.051370,0.880712
0.051370,0.881193
0.051370,0.881674
0.051370,0.882155
0.051370,0.882636
0.051370,0.883117
0.051370,0.883598
0.053082,0.883598
0.053082,0.884079
0.053082,0.884560
0.053082,0.885041
0.053082,0.885522
0.053082,0.886003
0.053082,0.886484
0.053082,0.886965
0.053082,0.887446
0.054795,0.887446
0.054795,0.887927
0.054795,0.888408
0.054795,0.888889
0.054795,0.889370
0.054795,0.889851
0.054795,0.890332
0.054795,0.890813
0.054795,0.891294
0.056507,0.891294
0.056507,0.891775
0.056507,0.892256
0.056507,0.892737
0.056507,0.893218
0.056507,0.893699
0.056507,0.894180
0.056507,0.894661
0.056507,0.895142
0.056507,0.895623
0.056507,0.896104
0.056507,0.896585
0.056507,0.897066
0.056507,0.897547
0.056507,0.898028
0.056507,0.898509
0.056507,0.898990
0.056507,0.899471
0.056507,0.899952
0.056507,0.900433
0.056507,0.900914
0.056507,0.901395
0.056507,0.901876
0.056507,0.902357
0.056507,0.902838
0.056507,0.903319
0.056507,0.903800
0.056507,0.904281
0.056507,0.904762
0.056507,0.905243
0.056507,0.905724
0.056507,0.906205
0.056507,0.906686
0.056507,0.907167
0.056507,0.907648
0.056507,0.908129
0.056507,0.908610
0.056507,0.909091
0.056507,0.909572
0.058219,0.909572
0.058219,0.910053
0.059932,0.910053
0.059932,0.910534
0.059932,0.911015
0.059932,0.911496
0.059932,0.911977
0.059932,0.912458
0.059932,0.912939
0.061644,0.912939
0.061644,0.913420
0.061644,0.913901
0.061644,0.914382
0.061644,0.914863
0.061644,0.915344
0.061644,0.915825
0.061644,0.916306
0.061644,0.916787
0.061644,0.917268
0.063356,0.917268
0.063356,0.917749
0.063356,0.918230
0.063356,0.918711
0.063356,0.919192
0.063356,0.919673
0.063356,0.920154
0.063356,0.920635
0.063356,0.921116
0.063356,0.921597
0.063356,0.922078
0.065068,0.922078
0.065068,0.922559
0.065068,0.923040
0.065068,0.923521
0.065068,0.924002
0.065068,0.924483
0.065068,0.924964
0.065068,0.925445
0.065068,0.925926
0.065068,0.926407
0.065068,0.926888
0.065068,0.927369
0.065068,0.927850
0.065068,0.928331
0.066781,0.928331
0.066781,0.928812
0.066781,0.929293
0.066781,0.929774
0.066781,0.930255
0.066781,0.930736
0.066781,0.931217
0.066781,0.931698
0.066781,0.932179
0.066781,0.932660
0.066781,0.933141
0.066781,0.933622
0.066781,0.934103
0.066781,0.934584
0.068493,0.934584
0.068493,0.935065
0.070205,0.935065
0.070205,0.935546
0.070205,0.936027
0.070205,0.936508
0.070205,0.936989
0.071918,0.936989
0.073630,0.936989
0.073630,0.937470
0.073630,0.937951
0.073630,0.938432
0.075342,0.938432
0.077055,0.938432
0.077055,0.938913
0.078767,0.938913
0.078767,0.939394
0.078767,0.939875
0.078767,0.940356
0.078767,0.940837
0.078767,0.941318
0.080479,0.941318
0.080479,0.941799
0.082192,0.941799
0.082192,0.942280
0.083904,0.942280
0.083904,0.942761
0.083904,0.943242
0.085616,0.943242
0.087329,0.943242
0.089041,0.943242
0.089041,0.943723
0.089041,0.944204
0.090753,0.944204
0.090753,0.944685
0.090753,0.945166
0.092466,0.945166
0.092466,0.945647
0.094178,0.945647
0.094178,0.946128
0.095890,0.946128
0.095890,0.946609
0.095890,0.947090
0.095890,0.947571
0.097603,0.947571
0.097603,0.948052
0.097603,0.948533
0.097603,0.949014
0.097603,0.949495
0.099315,0.949495
0.099315,0.949976
0.101027,0.949976
0.102740,0.949976
0.102740,0.950457
0.104452,0.950457
0.104452,0.950938
0.104452,0.951419
0.104452,0.951900
0.104452,0.952381
0.104452,0.952862
0.106164,0.952862
0.106164,0.953343
0.106164,0.953824
0.107877,0.953824
0.107877,0.954305
0.109589,0.954305
0.111301,0.954305
0.111301,0.954786
0.113014,0.954786
0.113014,0.955267
0.113014,0.955748
0.113014,0.956229
0.114726,0.956229
0.114726,0.956710
0.114726,0.957191
0.116438,0.957191
0.118151,0.957191
0.118151,0.957672
0.119863,0.957672
0.121575,0.957672
0.121575,0.958153
0.123288,0.958153
0.125000,0.958153
0.125000,0.958634
0.126712,0.958634
0.128425,0.958634
0.130137,0.958634
0.131849,0.958634
0.131849,0.959115
0.131849,0.959596
0.133562,0.959596
0.135274,0.959596
0.135274,0.960077
0.136986,0.960077
0.136986,0.960558
0.136986,0.961039
0.138699,0.961039
0.138699,0.961520
0.140411,0.961520
0.140411,0.962001
0.140411,0.962482
0.142123,0.962482
0.142123,0.962963
0.142123,0.963444
0.143836,0.963444
0.143836,0.963925
0.145548,0.963925
0.145548,0.964406
0.147260,0.964406
0.148973,0.964406
0.148973,0.964887
0.150685,0.964887
0.150685,0.965368
0.152397,0.965368
0.154110,0.965368
0.155822,0.965368
0.155822,0.965849
0.157534,0.965849
0.157534,0.966330
0.159247,0.966330
0.160959,0.966330
0.160959,0.966811
0.162671,0.966811
0.164384,0.966811
0.164384,0.967292
0.164384,0.967773
0.166096,0.967773
0.167808,0.967773
0.167808,0.968254
0.169521,0.968254
0.171233,0.968254
0.172945,0.968254
0.172945,0.968735
0.174658,0.968735
0.176370,0.968735
0.176370,0.969216
0.176370,0.969697
0.178082,0.969697
0.179795,0.969697
0.179795,0.970178
0.181507,0.970178
0.181507,0.970659
0.183219,0.970659
0.184932,0.970659
0.184932,0.971140
0.184932,0.971621
0.186644,0.971621
0.188356,0.971621
0.190068,0.971621
0.190068,0.972102
0.191781,0.972102
0.193493,0.972102
0.193493,0.972583
0.193493,0.973064
0.195205,0.973064
0.195205,0.973545
0.196918,0.973545
0.196918,0.974026
0.198630,0.974026
0.200342,0.974026
0.202055,0.974026
0.203767,0.974026
0.205479,0.974026
0.207192,0.974026
0.207192,0.974507
0.208904,0.974507
0.210616,0.974507
0.212329,0.974507
0.214041,0.974507
0.214041,0.974988
0.215753,0.974988
0.217466,0.974988
0.217466,0.975469
0.219178,0.975469
0.220890,0.975469
0.220890,0.975950
0.222603,0.975950
0.222603,0.976431
0.222603,0.976912
0.222603,0.977393
0.224315,0.977393
0.226027,0.977393
0.227740,0.977393
0.229452,0.977393
0.231164,0.977393
0.232877,0.977393
0.232877,0.977874
0.234589,0.977874
0.236301,0.977874
0.236301,0.978355
0.238014,0.978355
0.238014,0.978836
0.239726,0.978836
0.241438,0.978836
0.241438,0.979317
0.241438,0.979798
0.241438,0.980279
0.241438,0.980760
0.243151,0.980760
0.243151,0.981241
0.243151,0.981722
0.244863,0.981722
0.244863,0.982203
0.246575,0.982203
0.248288,0.982203
0.250000,0.982203
0.251712,0.982203
0.253425,0.982203
0.255137,0.982203
0.256849,0.982203
0.258562,0.982203
0.258562,0.982684
0.260274,0.982684
0.260274,0.983165
0.260274,0.983646
0.260274,0.984127
0.260274,0.984608
0.261986,0.984608
0.263699,0.984608
0.265411,0.984608
0.267123,0.984608
0.268836,0.984608
0.270548,0.984608
0.270548,0.985089
0.272260,0.985089
0.273973,0.985089
0.275685,0.985089
0.277397,0.985089
0.277397,0.985570
0.279110,0.985570
0.280822,0.985570
0.282534,0.985570
0.284247,0.985570
0.285959,0.985570
0.287671,0.985570
0.287671,0.986051
0.289384,0.986051
0.291096,0.986051
0.291096,0.986532
0.292808,0.986532
0.292808,0.987013
0.292808,0.987494
0.294521,0.987494
0.296233,0.987494
0.297945,0.987494
0.299658,0.987494
0.301370,0.987494
0.303082,0.987494
0.303082,0.987975
0.304795,0.987975
0.306507,0.987975
0.308219,0.987975
0.309932,0.987975
0.311644,0.987975
0.313356,0.987975
0.315068,0.987975
0.316781,0.987975
0.318493,0.987975
0.320205,0.987975
0.321918,0.987975
0.321918,0.988456
0.323630,0.988456
0.325342,0.988456
0.327055,0.988456
0.328767,0.988456
0.330479,0.988456
0.332192,0.988456
0.333904,0.988456
0.335616,0.988456
0.337329,0.988456
0.339041,0.988456
0.340753,0.988456
0.342466,0.988456
0.344178,0.988456
0.345890,0.988456
0.347603,0.988456
0.349315,0.988456
0.351027,0.988456
0.352740,0.988456
0.354452,0.988456
0.356164,0.988456
0.357877,0.988456
0.359589,0.988456
0.361301,0.988456
0.363014,0.988456
0.364726,0.988456
0.366438,0.988456
0.368151,0.988456
0.369863,0.988456
0.371575,0.988456
0.373288,0.988456
0.375000,0.988456
0.376712,0.988456
0.378425,0.988456
0.378425,0.988937
0.380137,0.988937
0.381849,0.988937
0.383562,0.988937
0.385274,0.988937
0.386986,0.988937
0.388699,0.988937
0.390411,0.988937
0.392123,0.988937
0.393836,0.988937
0.393836,0.989418
0.395548,0.989418
0.397260,0.989418
0.398973,0.989418
0.400685,0.989418
0.402397,0.989418
0.404110,0.989418
0.405822,0.989418
0.407534,0.989418
0.409247,0.989418
0.410959,0.989418
0.410959,0.989899
0.412671,0.989899
0.414384,0.989899
0.416096,0.989899
0.417808,0.989899
0.419521,0.989899
0.421233,0.989899
0.422945,0.989899
0.424658,0.989899
0.426370,0.989899
0.428082,0.989899
0.429795,0.989899
0.429795,0.990380
0.431507,0.990380
0.433219,0.990380
0.434932,0.990380
0.436644,0.990380
0.438356,0.990380
0.438356,0.990861
0.440068,0.990861
0.440068,0.991342
0.441781,0.991342
0.443493,0.991342
0.445205,0.991342
0.446918,0.991342
0.448630,0.991342
0.450342,0.991342
0.452055,0.991342
0.452055,0.991823
0.453767,0.991823
0.455479,0.991823
0.457192,0.991823
0.458904,0.991823
0.460616,0.991823
0.460616,0.992304
0.462329,0.992304
0.464041,0.992304
0.465753,0.992304
0.467466,0.992304
0.469178,0.992304
0.469178,0.992785
0.470890,0.992785
0.472603,0.992785
0.472603,0.993266
0.474315,0.993266
0.476027,0.993266
0.477740,0.993266
0.479452,0.993266
0.481164,0.993266
0.482877,0.993266
0.484589,0.993266
0.486301,0.993266
0.488014,0.993266
0.489726,0.993266
0.491438,0.993266
0.493151,0.993266
0.494863,0.993266
0.496575,0.993266
0.498288,0.993266
0.500000,0.993266
0.501712,0.993266
0.503425,0.993266
0.503425,0.993747
0.505137,0.993747
0.506849,0.993747
0.508562,0.993747
0.510274,0.993747
0.511986,0.993747
0.513699,0.993747
0.515411,0.993747
0.517123,0.993747
0.518836,0.993747
0.520548,0.993747
0.522260,0.993747
0.523973,0.993747
0.525685,0.993747
0.527397,0.993747
0.529110,0.993747
0.529110,0.994228
0.530822,0.994228
0.532534,0.994228
0.534247,0.994228
0.535959,0.994228
0.537671,0.994228
0.539384,0.994228
0.539384,0.994709
0.539384,0.995190
0.541096,0.995190
0.542808,0.995190
0.544521,0.995190
0.546233,0.995190
0.547945,0.995190
0.549658,0.995190
0.549658,0.995671
0.551370,0.995671
0.553082,0.995671
0.554795,0.995671
0.556507,0.995671
0.558219,0.995671
0.559932,0.995671
0.559932,0.996152
0.561644,0.996152
0.563356,0.996152
0.565068,0.996152
0.566781,0.996152
0.568493,0.996152
0.570205,0.996152
0.571918,0.996152
0.573630,0.996152
0.575342,0.996152
0.577055,0.996152
0.578767,0.996152
0.578767,0.996633
0.580479,0.996633
0.582192,0.996633
0.583904,0.996633
0.585616,0.996633
0.585616,0.997114
0.587329,0.997114
0.589041,0.997114
0.590753,0.997114
0.592466,0.997114
0.594178,0.997114
0.595890,0.997114
0.597603,0.997114
0.599315,0.997114
0.601027,0.997114
0.602740,0.997114
0.604452,0.997114
0.606164,0.997114
0.607877,0.997114
0.609589,0.997114
0.611301,0.997114
0.613014,0.997114
0.614726,0.997114
0.616438,0.997114
0.618151,0.997114
0.619863,0.997114
0.621575,0.997114
0.623288,0.997114
0.625000,0.997114
0.626712,0.997114
0.628425,0.997114
0.630137,0.997114
0.631849,0.997114
0.633562,0.997114
0.635274,0.997114
0.636986,0.997114
0.638699,0.997114
0.640411,0.997114
0.640411,0.997595
0.642123,0.997595
0.643836,0.997595
0.645548,0.997595
0.647260,0.997595
0.648973,0.997595
0.650685,0.997595
0.652397,0.997595
0.654110,0.997595
0.655822,0.997595
0.657534,0.997595
0.657534,0.998076
0.659247,0.998076
0.660959,0.998076
0.662671,0.998076
0.664384,0.998076
0.666096,0.998076
0.667808,0.998076
0.669521,0.998076
0.671233,0.998076
0.672945,0.998076
0.674658,0.998076
0.676370,0.998076
0.678082,0.998076
0.679795,0.998076
0.681507,0.998076
0.683219,0.998076
0.684932,0.998076
0.686644,0.998076
0.688356,0.998076
0.690068,0.998076
0.691781,0.998076
0.693493,0.998076
0.695205,0.998076
0.696918,0.998076
0.698630,0.998076
0.700342,0.998076
0.702055,0.998076
0.703767,0.998076
0.705479,0.998076
0.707192,0.998076
0.708904,0.998076
0.710616,0.998076
0.712329,0.998076
0.714041,0.998076
0.715753,0.998076
0.717466,0.998076
0.717466,0.998557
0.719178,0.998557
0.720890,0.998557
0.722603,0.998557
0.724315,0.998557
0.726027,0.998557
0.727740,0.998557
0.729452,0.998557
0.731164,0.998557
0.732877,0.998557
0.734589,0.998557
0.736301,0.998557
0.738014,0.998557
0.739726,0.998557
0.741438,0.998557
0.743151,0.998557
0.744863,0.998557
0.746575,0.998557
0.748288,0.998557
0.750000,0.998557
0.751712,0.998557
0.753425,0.998557
0.755137,0.998557
0.756849,0.998557
0.758562,0.998557
0.760274,0.998557
0.761986,0.998557
0.763699,0.998557
0.765411,0.998557
0.767123,0.998557
0.768836,0.998557
0.770548,0.998557
0.772260,0.998557
0.773973,0.998557
0.775685,0.998557
0.777397,0.998557
0.779110,0.998557
0.780822,0.998557
0.782534,0.998557
0.784247,0.998557
0.785959,0.998557
0.787671,0.998557
0.789384,0.998557
0.791096,0.998557
0.792808,0.998557
0.794521,0.998557
0.796233,0.998557
0.796233,0.999038
0.797945,0.999038
0.799658,0.999038
0.801370,0.999038
0.803082,0.999038
0.804795,0.999038
0.806507,0.999038
0.808219,0.999038
0.809932,0.999038
0.811644,0.999038
0.813356,0.999038
0.815068,0.999038
0.816781,0.999038
0.818493,0.999038
0.820205,0.999038
0.821918,0.999038
0.823630,0.999038
0.825342,0.999038
0.827055,0.999038
0.828767,0.999038
0.830479,0.999038
0.832192,0.999038
0.833904,0.999038
0.835616,0.999038
0.837329,0.999038
0.839041,0.999038
0.840753,0.999038
0.842466,0.999038
0.844178,0.999038
0.845890,0.999038
0.847603,0.999038
0.849315,0.999038
0.851027,0.999038
0.852740,0.999038
0.854452,0.999038
0.856164,0.999038
0.856164,0.999519
0.857877,0.999519
0.859589,0.999519
0.861301,0.999519
0.863014,0.999519
0.864726,0.999519
0.866438,0.999519
0.868151,0.999519
0.869863,0.999519
0.871575,0.999519
0.873288,0.999519
0.875000,0.999519
0.876712,0.999519
0.878425,0.999519
0.880137,0.999519
0.881849,0.999519
0.883562,0.999519
0.885274,0.999519
0.886986,0.999519
0.888699,0.999519
0.890411,0.999519
0.892123,0.999519
0.893836,0.999519
0.895548,0.999519
0.897260,0.999519
0.898973,0.999519
0.900685,0.999519
0.902397,0.999519
0.904110,0.999519
0.905822,0.999519
0.907534,0.999519
0.909247,0.999519
0.910959,0.999519
0.912671,0.999519
0.914384,0.999519
0.916096,0.999519
0.917808,0.999519
0.919521,0.999519
0.921233,0.999519
0.922945,0.999519
0.924658,0.999519
0.926370,0.999519
0.928082,0.999519
0.929795,0.999519
0.929795,1.000000
0.931507,1.000000
0.933219,1.000000
0.934932,1.000000
0.936644,1.000000
0.938356,1.000000
0.940068,1.000000
0.941781,1.000000
0.943493,1.000000
0.945205,1.000000
0.946918,1.000000
0.948630,1.000000
0.950342,1.000000
0.952055,1.000000
0.953767,1.000000
0.955479,1.000000
0.957192,1.000000
0.958904,1.000000
0.960616,1.000000
0.962329,1.000000
0.964041,1.000000
0.965753,1.000000
0.967466,1.000000
0.969178,1.000000
0.970890,1.000000
0.972603,1.000000
0.974315,1.000000
0.976027,1.000000
0.977740,1.000000
0.979452,1.000000
0.981164,1.000000
0.982877,1.000000
0.984589,1.000000
0.986301,1.000000
0.988014,1.000000
0.989726,1.000000
0.991438,1.000000
0.993151,1.000000
0.994863,1.000000
0.996575,1.000000
0.998288,1.000000
1.000000,1.000000
